FID,latitude,longitude,name
0,5.785441,0.605932,GPS_con1
1,5.78551,0.605933,GPS_con2
2,5.78553,0.606028,GPS_con3
3,5.785468,0.606129,GPS_con4
4,5.785441,0.606233,GPS_con5
5,5.785513,0.606302,GPS_con6
6,5.785472,0.60642,GPS_con7
7,5.78547,0.606824,GPS_con8
8,5.785449,0.607071,GPS_con9
9,5.785486,0.607089,GPS_con10
10,5.785489,0.607397,GPS_con11
11,5.785462,0.607468,GPS_con12
12,5.785492,0.6075,GPS_con13
13,5.785476,0.607555,GPS_con14
14,5.785512,0.607658,GPS_con15
15,5.785478,0.607647,GPS_con16
16,5.78551,0.607717,GPS_con17
17,5.785493,0.607772,GPS_con18
18,5.785646,0.607998,GPS_con19
19,5.785642,0.608141,GPS_con20
20,5.785655,0.608189,GPS_con21
21,5.78562,0.608216,GPS_con22
22,5.785479,0.608231,GPS_con23
23,5.78551,0.608302,GPS_con24
24,5.785596,0.60838,GPS_con25
25,5.78564,0.60834,GPS_con26
26,5.785583,0.608604,GPS_con27
27,5.785548,0.608695,GPS_con28
28,5.785601,0.608753,GPS_con29
29,5.785504,0.608873,GPS_con30
30,5.785513,0.608789,GPS_con31
31,5.785559,0.608843,GPS_con32
32,5.785498,0.609063,GPS_con33
33,5.785536,0.609047,GPS_con34
34,5.785571,0.609094,GPS_con35
35,5.785572,0.609137,GPS_con36
36,5.785545,0.609264,GPS_con37
37,5.78555,0.609339,GPS_con38
38,5.785553,0.609406,GPS_con39
39,5.785542,0.609464,GPS_con40
40,5.785624,0.609493,GPS_con41
41,5.785672,0.609333,GPS_con42
42,5.78558,0.609311,GPS_con43
43,5.785633,0.609232,GPS_con44
44,5.785654,0.609161,GPS_con45
45,5.785634,0.609111,GPS_con46
46,5.7856,0.609068,GPS_con47
47,5.785694,0.609474,GPS_con48
48,5.785754,0.609465,GPS_con49
49,5.785733,0.609298,GPS_con50
50,5.78581,0.609474,GPS_con51
51,5.785782,0.609497,GPS_con52
52,5.785826,0.609416,GPS_con53
53,5.785864,0.609488,GPS_con54
54,5.785723,0.609229,GPS_con55
55,5.785705,0.609176,GPS_con56
56,5.785703,0.609126,GPS_con57
57,5.78567,0.609087,GPS_con58
58,5.785701,0.60906,GPS_con59
59,5.785736,0.609037,GPS_con60
60,5.785713,0.609,GPS_con61
61,5.785789,0.609196,GPS_con62
62,5.785772,0.609246,GPS_con63
63,5.785795,0.609281,GPS_con64
64,5.785868,0.609335,GPS_con65
65,5.785839,0.609262,GPS_con66
66,5.78592,0.609436,GPS_con67
67,5.785931,0.60937,GPS_con68
68,5.785912,0.609243,GPS_con69
69,5.785901,0.609176,GPS_con70
70,5.785946,0.609216,GPS_con71
71,5.785958,0.60913,GPS_con72
72,5.785919,0.609084,GPS_con73
73,5.785856,0.609079,GPS_con74
74,5.785882,0.609015,GPS_con75
75,5.78581,0.609016,GPS_con76
76,5.785755,0.608982,GPS_con77
77,5.785751,0.608928,GPS_con78
78,5.785787,0.608903,GPS_con79
79,5.78567,0.608822,GPS_con80
80,5.785695,0.608724,GPS_con81
81,5.785691,0.608644,GPS_con82
82,5.785706,0.608539,GPS_con83
83,5.785726,0.608449,GPS_con84
84,5.785733,0.608809,GPS_con85
85,5.785784,0.608712,GPS_con86
86,5.785804,0.608579,GPS_con87
87,5.785722,0.60829,GPS_con88
88,5.785768,0.60835,GPS_con89
89,5.785787,0.608301,GPS_con90
90,5.785805,0.608208,GPS_con91
91,5.785842,0.608146,GPS_con92
92,5.785834,0.608297,GPS_con93
93,5.785898,0.608248,GPS_con94
94,5.78591,0.608313,GPS_con95
95,5.785886,0.608169,GPS_con96
96,5.785954,0.608209,GPS_con97
97,5.78602,0.608242,GPS_con98
98,5.786035,0.608325,GPS_con99
99,5.786013,0.607999,GPS_con100
100,5.785961,0.607823,GPS_con101
101,5.785902,0.607804,GPS_con102
102,5.785843,0.607792,GPS_con103
103,5.785846,0.607608,GPS_con104
104,5.785915,0.607725,GPS_con105
105,5.785933,0.607746,GPS_con106
106,5.78598,0.607716,GPS_con107
107,5.785696,0.608078,GPS_con108
108,5.785707,0.608028,GPS_con109
109,5.785784,0.607993,GPS_con110
110,5.785767,0.60811,GPS_con111
111,5.785729,0.607793,GPS_con112
112,5.78566,0.607735,GPS_con113
113,5.78557,0.607519,GPS_con114
114,5.785744,0.607439,GPS_con115
115,5.78581,0.607448,GPS_con116
116,5.785662,0.607262,GPS_con117
117,5.785624,0.607247,GPS_con118
118,5.785586,0.607226,GPS_con119
119,5.785558,0.607122,GPS_con120
120,5.785515,0.60693,GPS_con121
121,5.785523,0.607036,GPS_con122
122,5.785551,0.606869,GPS_con123
123,5.78571,0.607175,GPS_con124
124,5.785699,0.607114,GPS_con125
125,5.785733,0.607251,GPS_con126
126,5.785753,0.607337,GPS_con127
127,5.785816,0.607355,GPS_con128
128,5.785822,0.60729,GPS_con129
129,5.785832,0.607236,GPS_con130
130,5.785658,0.606996,GPS_con131
131,5.785699,0.606917,GPS_con132
132,5.785656,0.606813,GPS_con133
133,5.785702,0.606685,GPS_con135
134,5.785694,0.606613,GPS_con136
135,5.785617,0.606531,GPS_con137
136,5.785547,0.606503,GPS_con138
137,5.785682,0.606755,GPS_con134
138,5.785616,0.60637,GPS_con139
139,5.785647,0.606293,GPS_con140
140,5.785727,0.606355,GPS_con141
141,5.785665,0.606396,GPS_con142
142,5.785702,0.606482,GPS_con143
143,5.785758,0.606524,GPS_con144
144,5.785584,0.605966,GPS_con145
145,5.785636,0.605937,GPS_con146
146,5.785664,0.606058,GPS_con147
147,5.785715,0.606027,GPS_con148
148,5.785605,0.606132,GPS_con149
149,5.785717,0.605936,GPS_con150
150,5.785752,0.606003,GPS_con151
151,5.785753,0.606071,GPS_con152
152,5.785839,0.605971,GPS_con153
153,5.785824,0.606019,GPS_con154
154,5.785861,0.606057,GPS_con155
155,5.785897,0.606108,GPS_con156
156,5.78596,0.605998,GPS_con157
157,5.785999,0.605956,GPS_con158
158,5.785988,0.606043,GPS_con159
159,5.785942,0.606085,GPS_con160
160,5.785785,0.606347,GPS_con161
161,5.785858,0.606528,GPS_con162
162,5.785918,0.606543,GPS_con163
163,5.785954,0.606551,GPS_con164
164,5.785927,0.606658,GPS_con165
165,5.785854,0.606626,GPS_con166
166,5.785831,0.606771,GPS_con167
167,5.785844,0.606858,GPS_con168
168,5.78588,0.606813,GPS_con169
169,5.7859,0.606988,GPS_con170
170,5.785924,0.606897,GPS_con171
171,5.785891,0.607424,GPS_con172
172,5.785947,0.607438,GPS_con173
173,5.786048,0.607501,GPS_con174
174,5.786157,0.607536,GPS_con175
175,5.786233,0.607496,GPS_con176
176,5.786352,0.607578,GPS_con177
177,5.786467,0.607604,GPS_con178
178,5.786507,0.607583,GPS_con179
179,5.786619,0.607569,GPS_con180
180,5.786704,0.607595,GPS_con181
181,5.786747,0.607611,GPS_con182
182,5.786722,0.607679,GPS_con183
183,5.786813,0.607632,GPS_con184
184,5.786866,0.607723,GPS_con185
185,5.787191,0.607427,GPS_con186
186,5.787131,0.607435,GPS_con187
187,5.787074,0.607372,GPS_con188
188,5.787007,0.607478,GPS_con189
189,5.787114,0.607298,GPS_con190
190,5.787049,0.607279,GPS_con191
191,5.787016,0.607339,GPS_con192
192,5.786987,0.607392,GPS_con193
193,5.786927,0.607472,GPS_con194
194,5.786861,0.607471,GPS_con195
195,5.787042,0.607434,GPS_con196
196,5.787172,0.60729,GPS_con197
197,5.787067,0.607078,GPS_con198
198,5.787065,0.607009,GPS_con199
199,5.786949,0.607101,GPS_con200
200,5.786998,0.606946,GPS_con201
201,5.787052,0.60681,GPS_con202
202,5.787085,0.606771,GPS_con203
203,5.787186,0.606803,GPS_con204
204,5.787132,0.606731,GPS_con205
205,5.787148,0.606664,GPS_con206
206,5.787201,0.606579,GPS_con207
207,5.787271,0.606625,GPS_con208
208,5.787295,0.606582,GPS_con209
209,5.787172,0.606514,GPS_con210
210,5.787084,0.606594,GPS_con211
211,5.787076,0.606632,GPS_con212
212,5.78705,0.606672,GPS_con213
213,5.786987,0.606686,GPS_con214
214,5.786994,0.60662,GPS_con215
215,5.786932,0.60666,GPS_con216
216,5.787051,0.606538,GPS_con217
217,5.786966,0.606542,GPS_con218
218,5.78693,0.606572,GPS_con219
219,5.786989,0.606467,GPS_con220
220,5.787019,0.606391,GPS_con221
221,5.787081,0.606489,GPS_con222
222,5.787096,0.606446,GPS_con223
223,5.787109,0.606345,GPS_con224
224,5.787067,0.606345,GPS_con225
225,5.787013,0.606335,GPS_con226
226,5.787158,0.606239,GPS_con227
227,5.786974,0.606255,GPS_con228
228,5.787068,0.606242,GPS_con229
229,5.787208,0.606073,GPS_con230
230,5.787211,0.606015,GPS_con231
231,5.787227,0.60594,GPS_con232
232,5.787058,0.606007,GPS_con233
233,5.787011,0.606015,GPS_con234
234,5.787007,0.606083,GPS_con235
235,5.786937,0.605933,GPS_con236
236,5.786818,0.605958,GPS_con237
237,5.786809,0.606097,GPS_con238
238,5.786767,0.605931,GPS_con239
239,5.786757,0.605987,GPS_con240
240,5.786761,0.606057,GPS_con241
241,5.78673,0.606108,GPS_con242
242,5.786745,0.606169,GPS_con243
243,5.786708,0.606292,GPS_con244
244,5.786817,0.606246,GPS_con245
245,5.786801,0.606314,GPS_con246
246,5.786823,0.606387,GPS_con247
247,5.786887,0.606346,GPS_con248
248,5.786788,0.606423,GPS_con249
249,5.786764,0.606616,GPS_con250
250,5.786689,0.606557,GPS_con251
251,5.78665,0.606607,GPS_con252
252,5.786617,0.606627,GPS_con253
253,5.786556,0.606594,GPS_con254
254,5.786584,0.606526,GPS_con255
255,5.786619,0.606465,GPS_con256
256,5.786736,0.606663,GPS_con257
257,5.786731,0.60674,GPS_con258
258,5.786624,0.606742,GPS_con259
259,5.786554,0.60672,GPS_con260
260,5.786504,0.606703,GPS_con261
261,5.786833,0.606691,GPS_con262
262,5.786918,0.606722,GPS_con263
263,5.786933,0.606873,GPS_con264
264,5.786806,0.606811,GPS_con265
265,5.786725,0.606833,GPS_con266
266,5.786667,0.606808,GPS_con267
267,5.78676,0.606887,GPS_con268
268,5.786678,0.606936,GPS_con269
269,5.78688,0.606974,GPS_con270
270,5.786859,0.607058,GPS_con271
271,5.786862,0.607216,GPS_con272
272,5.786961,0.607279,GPS_con273
273,5.786807,0.607132,GPS_con274
274,5.78665,0.607034,GPS_con275
275,5.786635,0.607128,GPS_con276
276,5.786589,0.607239,GPS_con277
277,5.786795,0.607441,GPS_con278
278,5.786804,0.607559,GPS_con279
279,5.786677,0.607506,GPS_con280
280,5.786717,0.607411,GPS_con281
281,5.786677,0.607344,GPS_con282
282,5.786641,0.607472,GPS_con283
283,5.78656,0.607455,GPS_con284
284,5.786526,0.607336,GPS_con285
285,5.786458,0.607477,GPS_con286
286,5.786472,0.607542,GPS_con287
287,5.786427,0.607396,GPS_con288
288,5.786444,0.607343,GPS_con289
289,5.78636,0.607524,GPS_con290
290,5.786315,0.607386,GPS_con291
291,5.786329,0.607346,GPS_con292
292,5.786344,0.607272,GPS_con293
293,5.786378,0.607183,GPS_con294
294,5.786399,0.607137,GPS_con295
295,5.78648,0.607227,GPS_con296
296,5.786518,0.607178,GPS_con297
297,5.786542,0.60711,GPS_con298
298,5.786411,0.607077,GPS_con299
299,5.78642,0.607016,GPS_con300
300,5.786441,0.606922,GPS_con301
301,5.786572,0.607014,GPS_con302
302,5.78653,0.606857,GPS_con303
303,5.786456,0.60684,GPS_con304
304,5.786475,0.606795,GPS_con305
305,5.786406,0.606825,GPS_con306
306,5.78641,0.606774,GPS_con307
307,5.786449,0.606625,GPS_con308
308,5.786494,0.606518,GPS_con309
309,5.786412,0.606527,GPS_con310
310,5.786357,0.606578,GPS_con311
311,5.786297,0.60656,GPS_con312
312,5.786662,0.60636,GPS_con313
313,5.786604,0.606312,GPS_con314
314,5.786574,0.606223,GPS_con315
315,5.786486,0.60628,GPS_con316
316,5.786409,0.60638,GPS_con317
317,5.786448,0.606452,GPS_con318
318,5.786487,0.606396,GPS_con319
319,5.786671,0.606134,GPS_con320
320,5.786625,0.606077,GPS_con321
321,5.78664,0.606037,GPS_con322
322,5.786612,0.606153,GPS_con323
323,5.786536,0.60613,GPS_con324
324,5.786478,0.606221,GPS_con325
325,5.786543,0.606282,GPS_con326
326,5.786613,0.605943,GPS_con327
327,5.786525,0.605954,GPS_con328
328,5.786494,0.606027,GPS_con329
329,5.786424,0.606084,GPS_con330
330,5.786407,0.605963,GPS_con331
331,5.786372,0.606024,GPS_con332
332,5.78634,0.60613,GPS_con333
333,5.78633,0.60625,GPS_con334
334,5.786297,0.606203,GPS_con335
335,5.786245,0.606149,GPS_con336
336,5.786232,0.606203,GPS_con337
337,5.786272,0.606278,GPS_con338
338,5.786192,0.606239,GPS_con339
339,5.78616,0.606285,GPS_con340
340,5.786215,0.607313,GPS_con341
341,5.786224,0.607266,GPS_con342
342,5.786091,0.607267,GPS_con343
343,5.786108,0.607219,GPS_con344
344,5.786115,0.607162,GPS_con345
345,5.786239,0.60719,GPS_con346
346,5.786265,0.607122,GPS_con347
347,5.786131,0.607126,GPS_con348
348,5.786151,0.607039,GPS_con349
349,5.786279,0.607045,GPS_con350
350,5.786165,0.60697,GPS_con351
351,5.786272,0.606793,GPS_con352
352,5.786344,0.606807,GPS_con353
353,5.786351,0.606467,GPS_con354
354,5.786227,0.606419,GPS_con355
355,5.786154,0.606433,GPS_con356
356,5.786211,0.606548,GPS_con357
357,5.78612,0.60657,GPS_con358
358,5.786106,0.606661,GPS_con359
359,5.786123,0.606738,GPS_con360
360,5.786053,0.606712,GPS_con361
361,5.785992,0.606694,GPS_con362
362,5.785911,0.607196,GPS_con363
363,5.785974,0.607326,GPS_con364
364,5.78598,0.607276,GPS_con365
365,5.785984,0.607229,GPS_con366
366,5.786001,0.607154,GPS_con367
367,5.78604,0.607108,GPS_con368
368,5.786017,0.607039,GPS_con369
369,5.786006,0.606573,GPS_con370
370,5.786119,0.606365,GPS_con371
371,5.786074,0.606314,GPS_con372
372,5.786077,0.606211,GPS_con373
373,5.786145,0.606147,GPS_con374
374,5.786048,0.606129,GPS_con375
375,5.786084,0.606097,GPS_con376
376,5.786113,0.606008,GPS_con377
377,5.786084,0.605962,GPS_con378
378,5.786214,0.605993,GPS_con379
379,5.7862,0.606056,GPS_con380
380,5.78628,0.606018,GPS_con381
381,5.785994,0.609434,GPS_con382
382,5.785986,0.609378,GPS_con383
383,5.785987,0.609297,GPS_con384
384,5.786021,0.609252,GPS_con385
385,5.786021,0.609174,GPS_con386
386,5.786003,0.609103,GPS_con387
387,5.785954,0.609054,GPS_con388
388,5.785914,0.608975,GPS_con389
389,5.785905,0.608678,GPS_con390
390,5.785906,0.608553,GPS_con391
391,5.785987,0.608482,GPS_con392
392,5.786002,0.608747,GPS_con393
393,5.786012,0.608702,GPS_con394
394,5.785991,0.608855,GPS_con395
395,5.786,0.608932,GPS_con396
396,5.786012,0.60899,GPS_con397
397,5.786,0.609022,GPS_con398
398,5.786055,0.609033,GPS_con399
399,5.786084,0.609099,GPS_con400
400,5.786067,0.609149,GPS_con401
401,5.78613,0.609259,GPS_con402
402,5.786162,0.609307,GPS_con403
403,5.786062,0.609376,GPS_con404
404,5.786199,0.609395,GPS_con405
405,5.786219,0.609321,GPS_con406
406,5.786153,0.60942,GPS_con407
407,5.786122,0.609015,GPS_con408
408,5.786113,0.608951,GPS_con409
409,5.786167,0.608994,GPS_con410
410,5.786212,0.608966,GPS_con411
411,5.786201,0.608929,GPS_con412
412,5.786166,0.60888,GPS_con413
413,5.786091,0.608631,GPS_con414
414,5.786147,0.608692,GPS_con415
415,5.78612,0.608568,GPS_con416
416,5.786204,0.608598,GPS_con417
417,5.786137,0.608512,GPS_con418
418,5.786159,0.608451,GPS_con419
419,5.786073,0.608277,GPS_con420
420,5.786148,0.608282,GPS_con421
421,5.78612,0.608202,GPS_con422
422,5.786207,0.608202,GPS_con423
423,5.786252,0.608094,GPS_con424
424,5.786269,0.608015,GPS_con425
425,5.786022,0.607892,GPS_con426
426,5.786045,0.607803,GPS_con427
427,5.786042,0.607745,GPS_con428
428,5.785997,0.607682,GPS_con429
429,5.786102,0.607685,GPS_con430
430,5.786195,0.607823,GPS_con431
431,5.78624,0.607705,GPS_con432
432,5.786265,0.607763,GPS_con433
433,5.786226,0.607868,GPS_con434
434,5.786275,0.607869,GPS_con435
435,5.786314,0.607885,GPS_con436
436,5.786348,0.607736,GPS_con437
437,5.786436,0.607739,GPS_con438
438,5.786527,0.607709,GPS_con439
439,5.786506,0.607869,GPS_con440
440,5.786477,0.607916,GPS_con441
441,5.786445,0.607951,GPS_con442
442,5.786394,0.607982,GPS_con443
443,5.786422,0.608063,GPS_con444
444,5.786424,0.60811,GPS_con445
445,5.786375,0.608131,GPS_con446
446,5.786447,0.60823,GPS_con447
447,5.786467,0.608168,GPS_con448
448,5.786482,0.608132,GPS_con449
449,5.78649,0.60803,GPS_con450
450,5.786573,0.608014,GPS_con451
451,5.786549,0.608093,GPS_con452
452,5.786578,0.608127,GPS_con453
453,5.786546,0.608222,GPS_con454
454,5.786558,0.608301,GPS_con455
455,5.786573,0.608338,GPS_con456
456,5.786566,0.608381,GPS_con457
457,5.78659,0.608449,GPS_con458
458,5.786502,0.608478,GPS_con459
459,5.7865,0.608543,GPS_con460
460,5.786234,0.608331,GPS_con461
461,5.78623,0.608427,GPS_con462
462,5.786239,0.608515,GPS_con463
463,5.786256,0.608665,GPS_con464
464,5.786293,0.608625,GPS_con465
465,5.786327,0.608803,GPS_con466
466,5.7863,0.608838,GPS_con467
467,5.786293,0.608907,GPS_con468
468,5.78629,0.608981,GPS_con469
469,5.786226,0.609081,GPS_con471
470,5.786241,0.609012,GPS_con470
471,5.786242,0.609127,GPS_con472
472,5.786158,0.609176,GPS_con473
473,5.786183,0.609211,GPS_con474
474,5.786206,0.609253,GPS_con475
475,5.786247,0.609227,GPS_con476
476,5.786295,0.6091,GPS_con477
477,5.786311,0.609032,GPS_con478
478,5.78634,0.60899,GPS_con479
479,5.786342,0.609041,GPS_con480
480,5.786388,0.60887,GPS_con481
481,5.786412,0.608939,GPS_con482
482,5.786404,0.609034,GPS_con483
483,5.786451,0.609051,GPS_con484
484,5.786471,0.608988,GPS_con485
485,5.786524,0.608888,GPS_con486
486,5.786514,0.608955,GPS_con487
487,5.786671,0.609425,GPS_con488
488,5.786293,0.608387,GPS_con489
489,5.78636,0.60843,GPS_con490
490,5.786334,0.608522,GPS_con491
491,5.78644,0.608639,GPS_con492
492,5.786411,0.608692,GPS_con493
493,5.786451,0.608748,GPS_con494
494,5.786501,0.608599,GPS_con495
495,5.786528,0.608655,GPS_con496
496,5.786531,0.608712,GPS_con497
497,5.786582,0.60861,GPS_con498
498,5.78662,0.60852,GPS_con499
499,5.786661,0.60848,GPS_con500
500,5.786642,0.608364,GPS_con501
501,5.786652,0.608314,GPS_con502
502,5.786682,0.608265,GPS_con503
503,5.78663,0.608215,GPS_con504
504,5.786675,0.608153,GPS_con505
505,5.786738,0.608141,GPS_con506
506,5.786837,0.608283,GPS_con507
507,5.786809,0.60835,GPS_con508
508,5.786791,0.608387,GPS_con509
509,5.786777,0.608426,GPS_con510
510,5.786764,0.608469,GPS_con511
511,5.786736,0.608523,GPS_con512
512,5.786709,0.608591,GPS_con513
513,5.786643,0.608636,GPS_con514
514,5.786595,0.608679,GPS_con515
515,5.786586,0.608978,GPS_con516
516,5.786713,0.607841,GPS_con518
517,5.786626,0.60774,GPS_con519
518,5.786626,0.608895,GPS_con517
519,5.786995,0.608168,GPS_con520
520,5.786955,0.608285,GPS_con521
521,5.786931,0.608336,GPS_con522
522,5.786882,0.608365,GPS_con523
523,5.786819,0.608515,GPS_con524
524,5.786811,0.608563,GPS_con525
525,5.786673,0.608695,GPS_con526
526,5.786965,0.608437,GPS_con527
527,5.786995,0.608382,GPS_con528
528,5.787025,0.608315,GPS_con529
529,5.787081,0.60841,GPS_con530
530,5.787079,0.608482,GPS_con531
531,5.78702,0.608578,GPS_con532
532,5.786914,0.608582,GPS_con533
533,5.786869,0.608662,GPS_con534
534,5.786861,0.608875,GPS_con535
535,5.786743,0.608975,GPS_con536
536,5.787146,0.608509,GPS_con537
537,5.787194,0.608532,GPS_con538
538,5.787165,0.608669,GPS_con539
539,5.787237,0.608697,GPS_con540
540,5.78724,0.608638,GPS_con541
541,5.787237,0.608604,GPS_con542
542,5.787283,0.608619,GPS_con543
543,5.787331,0.608726,GPS_con544
544,5.787086,0.608652,GPS_con545
545,5.787006,0.609175,GPS_con546
546,5.78682,0.609441,GPS_con547
547,5.787406,0.609244,GPS_con548
548,5.787638,0.608922,GPS_con549
549,5.787475,0.608734,GPS_con550
550,5.787407,0.608706,GPS_con551
551,5.787482,0.608658,GPS_con552
552,5.787636,0.609312,GPS_con553
553,5.78738,0.609487,GPS_con554
554,5.787477,0.606772,GPS_con555
555,5.787492,0.606715,GPS_con556
556,5.787502,0.606654,GPS_con557
557,5.787591,0.606518,GPS_con558
558,5.787558,0.606556,GPS_con559
559,5.787582,0.607014,GPS_con560
560,5.787607,0.606954,GPS_con561
561,5.787566,0.606875,GPS_con562
562,5.78757,0.607111,GPS_con563
563,5.787501,0.607314,GPS_con564
564,5.787453,0.607364,GPS_con565
565,5.787303,0.607283,GPS_con566
566,5.787733,0.607736,GPS_con567
567,5.787827,0.607691,GPS_con568
568,5.787684,0.607624,GPS_con569
569,5.7876,0.60757,GPS_con570
570,5.787703,0.607523,GPS_con571
571,5.787619,0.607461,GPS_con572
572,5.787677,0.607338,GPS_con573
573,5.78775,0.607388,GPS_con574
574,5.787796,0.60731,GPS_con575
575,5.787827,0.607263,GPS_con576
576,5.787839,0.607208,GPS_con577
577,5.787822,0.607114,GPS_con578
578,5.787957,0.607151,GPS_con579
579,5.787917,0.607272,GPS_con580
580,5.788016,0.607302,GPS_con581
581,5.788032,0.607237,GPS_con582
582,5.788039,0.6071,GPS_con583
583,5.7881,0.607143,GPS_con584
584,5.7877,0.606436,GPS_con585
585,5.787611,0.606365,GPS_con586
586,5.787543,0.606367,GPS_con587
587,5.78749,0.606311,GPS_con588
588,5.787409,0.606248,GPS_con589
589,5.78741,0.606311,GPS_con590
590,5.787427,0.606355,GPS_con591
591,5.7875,0.606258,GPS_con592
592,5.787591,0.60628,GPS_con593
593,5.787595,0.606231,GPS_con594
594,5.787675,0.606277,GPS_con595
595,5.787676,0.606185,GPS_con596
596,5.787618,0.606119,GPS_con597
597,5.787587,0.60608,GPS_con598
598,5.787535,0.606135,GPS_con599
599,5.787469,0.606158,GPS_con600
600,5.787422,0.606185,GPS_con601
601,5.787391,0.60615,GPS_con602
602,5.787319,0.606215,GPS_con603
603,5.787247,0.606203,GPS_con604
604,5.787284,0.60611,GPS_con605
605,5.787294,0.606171,GPS_con606
606,5.787245,0.606286,GPS_con607
607,5.787204,0.606462,GPS_con608
608,5.787275,0.60604,GPS_con609
609,5.787332,0.605985,GPS_con610
610,5.787346,0.605932,GPS_con611
611,5.78726,0.605928,GPS_con612
612,5.787398,0.606103,GPS_con613
613,5.787403,0.606056,GPS_con614
614,5.787404,0.605983,GPS_con615
615,5.787493,0.605978,GPS_con616
616,5.787477,0.606034,GPS_con617
617,5.787487,0.606099,GPS_con618
618,5.787617,0.606,GPS_con619
619,5.787722,0.605972,GPS_con620
620,5.787817,0.606097,GPS_con622
621,5.787796,0.606167,GPS_con623
622,5.787755,0.606384,GPS_con624
623,5.787769,0.605972,GPS_con621
624,5.787786,0.606353,GPS_con625
625,5.787823,0.606271,GPS_con626
626,5.787889,0.606269,GPS_con627
627,5.787916,0.606182,GPS_con628
628,5.78793,0.606114,GPS_con629
629,5.787877,0.606021,GPS_con630
630,5.787947,0.606022,GPS_con631
631,5.787925,0.605978,GPS_con632
632,5.787997,0.605977,GPS_con633
633,5.788018,0.606036,GPS_con634
634,5.788001,0.606095,GPS_con635
635,5.787998,0.606139,GPS_con636
636,5.788004,0.606301,GPS_con637
637,5.788068,0.606345,GPS_con638
638,5.788071,0.606267,GPS_con639
639,5.788032,0.606236,GPS_con640
640,5.788092,0.606202,GPS_con641
641,5.788067,0.606095,GPS_con642
642,5.788084,0.606023,GPS_con643
643,5.788057,0.605975,GPS_con644
644,5.788127,0.60598,GPS_con645
645,5.788126,0.606069,GPS_con646
646,5.78811,0.606139,GPS_con647
647,5.788084,0.606493,GPS_con648
648,5.788129,0.606611,GPS_con649
649,5.788166,0.606528,GPS_con650
650,5.78814,0.606311,GPS_con651
651,5.78811,0.606367,GPS_con652
652,5.788145,0.606383,GPS_con653
653,5.788176,0.606418,GPS_con654
654,5.788223,0.606458,GPS_con655
655,5.788283,0.606377,GPS_con656
656,5.788227,0.606358,GPS_con657
657,5.788176,0.606341,GPS_con658
658,5.788245,0.606139,GPS_con659
659,5.788218,0.606074,GPS_con660
660,5.788178,0.606065,GPS_con661
661,5.788253,0.60597,GPS_con662
662,5.78831,0.605994,GPS_con663
663,5.788323,0.605952,GPS_con664
664,5.788286,0.60609,GPS_con665
665,5.788279,0.60617,GPS_con666
666,5.788343,0.606175,GPS_con667
667,5.788369,0.606229,GPS_con668
668,5.788224,0.606964,GPS_con669
669,5.788183,0.607034,GPS_con670
670,5.78828,0.606828,GPS_con671
671,5.788316,0.606794,GPS_con672
672,5.788295,0.606921,GPS_con673
673,5.788385,0.606821,GPS_con674
674,5.788353,0.606755,GPS_con675
675,5.788278,0.606656,GPS_con676
676,5.788231,0.606611,GPS_con677
677,5.788322,0.606557,GPS_con678
678,5.788367,0.606618,GPS_con679
679,5.78839,0.606547,GPS_con680
680,5.788378,0.606352,GPS_con681
681,5.788357,0.606406,GPS_con682
682,5.788401,0.606321,GPS_con683
683,5.788423,0.606277,GPS_con684
684,5.78844,0.60624,GPS_con685
685,5.788468,0.606204,GPS_con686
686,5.78841,0.606187,GPS_con687
687,5.788378,0.606125,GPS_con688
688,5.788368,0.606038,GPS_con689
689,5.788446,0.60604,GPS_con690
690,5.788491,0.605958,GPS_con691
691,5.788424,0.606636,GPS_con692
692,5.788482,0.606644,GPS_con693
693,5.78847,0.606559,GPS_con694
694,5.788532,0.606659,GPS_con695
695,5.78855,0.606581,GPS_con696
696,5.788598,0.606633,GPS_con697
697,5.78866,0.606651,GPS_con698
698,5.788624,0.606733,GPS_con699
699,5.788562,0.606817,GPS_con700
700,5.788497,0.606908,GPS_con701
701,5.788681,0.606855,GPS_con702
702,5.788725,0.606906,GPS_con703
703,5.788911,0.606014,GPS_con704
704,5.788949,0.606038,GPS_con705
705,5.788976,0.606075,GPS_con706
706,5.788982,0.606208,GPS_con707
707,5.788908,0.606182,GPS_con708
708,5.789056,0.606218,GPS_con709
709,5.789072,0.606436,GPS_con710
710,5.788771,0.606678,GPS_con711
711,5.788811,0.606686,GPS_con712
712,5.788691,0.606759,GPS_con713
713,5.789326,0.60632,GPS_con714
714,5.789343,0.606246,GPS_con715
715,5.789393,0.606266,GPS_con716
716,5.789372,0.606159,GPS_con717
717,5.789234,0.605937,GPS_con718
718,5.789181,0.605977,GPS_con719
719,5.790172,0.607276,GPS_con720
720,5.790077,0.607055,GPS_con721
721,5.79047,0.60683,GPS_con722
722,5.790319,0.606881,GPS_con723
723,5.790367,0.607991,GPS_con724
724,5.790097,0.608345,GPS_con725
725,5.790839,0.608145,GPS_con726
726,5.791137,0.608758,GPS_con727
727,5.792033,0.609357,GPS_con728
728,5.792055,0.60847,GPS_con729
729,5.792453,0.608185,GPS_con730
730,5.790811,0.608838,GPS_con731
731,5.790243,0.608544,GPS_con732
732,5.790256,0.6088,GPS_con733
733,5.790116,0.608978,GPS_con734
734,5.790028,0.608793,GPS_con735
735,5.789925,0.609076,GPS_con736
736,5.789509,0.608478,GPS_con737
737,5.789588,0.608197,GPS_con738
738,5.78934,0.608671,GPS_con739
739,5.789171,0.608685,GPS_con740
740,5.785483,0.609423,GPS_con 741
741,5.785407,0.609471,GPS_con 742
742,5.785398,0.609401,GPS_con 743
743,5.785325,0.609383,GPS_con 744
744,5.785275,0.609358,GPS_con 745
745,5.785234,0.609409,GPS_con 746
746,5.785244,0.609478,GPS_con 747
747,5.785139,0.609411,GPS_con 748
748,5.785108,0.60945,GPS_con 749
749,5.785059,0.609401,GPS_con 750
750,5.785096,0.60949,GPS_con 751
751,5.785161,0.60946,GPS_con 752
752,5.785145,0.609318,GPS_con 753
753,5.785082,0.609303,GPS_con 754
754,5.785494,0.609109,GPS_con 755
755,5.785479,0.609328,GPS_con 756
756,5.785435,0.60936,GPS_con 757
757,5.785287,0.609297,GPS_con 758
758,5.78536,0.609262,GPS_con 759
759,5.785444,0.609133,GPS_con 760
760,5.785329,0.609111,GPS_con 761
761,5.785301,0.609145,GPS_con 762
762,5.785179,0.609189,GPS_con 763
763,5.785133,0.609182,GPS_con 764
764,5.785176,0.609251,GPS_con 765
765,5.785199,0.609332,GPS_con 766
766,5.785193,0.609095,GPS_con 767
767,5.785125,0.609047,GPS_con 768
768,5.785105,0.609094,GPS_con 769
769,5.785028,0.60908,GPS_con 770
770,5.785031,0.609027,GPS_con 771
771,5.785017,0.608995,GPS_con 772
772,5.784958,0.60901,GPS_con 773
773,5.784942,0.608922,GPS_con 774
774,5.784937,0.608862,GPS_con 775
775,5.785024,0.608793,GPS_con 776
776,5.784962,0.60871,GPS_con 777
777,5.784966,0.608791,GPS_con 778
778,5.785062,0.608859,GPS_con 779
779,5.785096,0.608903,GPS_con 780
780,5.785109,0.608944,GPS_con 781
781,5.785097,0.60901,GPS_con 782
782,5.785137,0.608985,GPS_con 783
783,5.785232,0.609013,GPS_con 784
784,5.785267,0.608965,GPS_con 785
785,5.785275,0.609022,GPS_con 786
786,5.785332,0.608934,GPS_con 788
787,5.785337,0.609051,GPS_con 789
788,5.785408,0.609041,GPS_con 790
789,5.785265,0.608891,GPS_con 787
790,5.785428,0.608994,GPS_con 791
791,5.785451,0.608925,GPS_con 792
792,5.784793,0.608514,GPS_con 793
793,5.784797,0.608465,GPS_con 794
794,5.784917,0.608583,GPS_con 795
795,5.784921,0.608527,GPS_con 796
796,5.784926,0.608481,GPS_con 797
797,5.784936,0.60844,GPS_con 798
798,5.784943,0.608405,GPS_con 799
799,5.785002,0.608636,GPS_con 800
800,5.785005,0.60869,GPS_con 801
801,5.785032,0.608728,GPS_con 802
802,5.785015,0.608597,GPS_con 803
803,5.785019,0.608545,GPS_con 804
804,5.785033,0.608479,GPS_con 805
805,5.785043,0.608424,GPS_con 806
806,5.785116,0.608775,GPS_con 807
807,5.785097,0.608699,GPS_con 808
808,5.785112,0.608629,GPS_con 809
809,5.785116,0.608562,GPS_con 810
810,5.785178,0.608824,GPS_con 811
811,5.785167,0.608748,GPS_con 812
812,5.785201,0.608671,GPS_con 813
813,5.785217,0.608723,GPS_con 814
814,5.785328,0.608698,GPS_con 815
815,5.785313,0.608632,GPS_con 816
816,5.785323,0.608567,GPS_con 817
817,5.785325,0.608839,GPS_con 818
818,5.785405,0.608935,GPS_con 819
819,5.785399,0.608855,GPS_con 820
820,5.785454,0.608717,GPS_con 822
821,5.785601,0.608791,GPS_con 823
822,5.785406,0.60866,GPS_con 824
823,5.785399,0.6087,GPS_con 825
824,5.785428,0.6088,GPS_con 821
825,5.78532,0.608387,GPS_con 826
826,5.785375,0.608273,GPS_con 827
827,5.785416,0.608183,GPS_con 828
828,5.78522,0.608302,GPS_con 829
829,5.785281,0.608184,GPS_con 830
830,5.785298,0.608159,GPS_con 831
831,5.78537,0.608091,GPS_con 832
832,5.785284,0.608028,GPS_con 833
833,5.785216,0.608025,GPS_con 834
834,5.785114,0.608219,GPS_con 835
835,5.785101,0.608261,GPS_con 836
836,5.785086,0.608314,GPS_con 837
837,5.785072,0.608376,GPS_con 838
838,5.784981,0.608256,GPS_con 839
839,5.785002,0.608153,GPS_con 840
840,5.784867,0.608222,GPS_con 841
841,5.784885,0.608154,GPS_con 842
842,5.784854,0.608317,GPS_con 843
843,5.78541,0.607462,GPS_con 844
844,5.785286,0.607461,GPS_con 845
845,5.785282,0.607542,GPS_con 846
846,5.7853,0.607585,GPS_con 847
847,5.785407,0.607639,GPS_con 848
848,5.785313,0.607755,GPS_con 849
849,5.785425,0.607541,GPS_con 850
850,5.785232,0.607726,GPS_con 851
851,5.785113,0.60782,GPS_con 852
852,5.785052,0.607717,GPS_con 853
853,5.784982,0.607731,GPS_con 854
854,5.784926,0.607718,GPS_con 855
855,5.785121,0.607966,GPS_con 856
856,5.785044,0.607849,GPS_con 857
857,5.784992,0.607902,GPS_con 858
858,5.785016,0.607987,GPS_con 859
859,5.784896,0.60787,GPS_con 860
860,5.784857,0.607694,GPS_con 861
861,5.784858,0.608049,GPS_con 862
862,5.785179,0.607466,GPS_con 863
863,5.784923,0.607487,GPS_con 864
864,5.784901,0.60736,GPS_con 865
865,5.784841,0.607357,GPS_con 866
866,5.784841,0.607454,GPS_con 867
867,5.78485,0.605953,GPS_con 868
868,5.784838,0.606045,GPS_con 869
869,5.784844,0.606091,GPS_con 870
870,5.784841,0.606124,GPS_con 871
871,5.784765,0.606368,GPS_con 872
872,5.784846,0.606385,GPS_con 873
873,5.7848,0.606454,GPS_con 874
874,5.784794,0.60649,GPS_con 875
875,5.784811,0.606595,GPS_con 876
876,5.784774,0.606652,GPS_con 877
877,5.784778,0.6067,GPS_con 878
878,5.78476,0.606789,GPS_con 879
879,5.78476,0.607145,GPS_con 880
880,5.784797,0.607096,GPS_con 881
881,5.784906,0.606769,GPS_con 882
882,5.784915,0.606708,GPS_con 883
883,5.784881,0.606593,GPS_con 884
884,5.784944,0.606598,GPS_con 885
885,5.784904,0.606508,GPS_con 886
886,5.784904,0.606403,GPS_con 887
887,5.784884,0.606326,GPS_con 888
888,5.784963,0.606334,GPS_con 889
889,5.784949,0.606247,GPS_con 890
890,5.784919,0.606133,GPS_con 891
891,5.784963,0.606144,GPS_con 892
892,5.784937,0.606039,GPS_con 893
893,5.784887,0.606062,GPS_con 894
894,5.784962,0.606083,GPS_con 895
895,5.785055,0.605978,GPS_con 896
896,5.78512,0.605952,GPS_con 897
897,5.785068,0.606099,GPS_con 898
898,5.785056,0.606188,GPS_con 899
899,5.785039,0.606297,GPS_con 900
900,5.785197,0.606019,GPS_con 901
901,5.78523,0.605955,GPS_con 902
902,5.785265,0.606031,GPS_con 903
903,5.785323,0.606079,GPS_con 904
904,5.785339,0.606034,GPS_con 905
905,5.785389,0.606222,GPS_con 906
906,5.785123,0.60627,GPS_con 908
907,5.785146,0.606316,GPS_con 909
908,5.785178,0.606224,GPS_con 910
909,5.785303,0.606525,GPS_con 910
910,5.785001,0.606458,GPS_con 912
911,5.785128,0.606487,GPS_con 913
912,5.78533,0.606192,GPS_con 907
913,5.785067,0.606746,GPS_con 914
914,5.785131,0.606738,GPS_con 915
915,5.785188,0.606746,GPS_con 916
916,5.785163,0.606824,GPS_con 917
917,5.785117,0.606575,GPS_con 918
918,5.785208,0.606583,GPS_con 919
919,5.785256,0.607049,GPS_con 920
920,5.785261,0.60699,GPS_con 921
921,5.785284,0.606949,GPS_con 922
922,5.784916,0.607088,GPS_con 923
923,5.785343,0.607058,GPS_con 924
924,5.785371,0.606873,GPS_con 925
925,5.785353,0.606781,GPS_con 926
926,5.78535,0.607,GPS_con 927
927,5.786035,0.606598,GPS_con 928
928,5.786077,0.606937,GPS_con 929
929,5.785036,0.606618,GPS_con 930
930,5.784994,0.60678,GPS_con 931
931,5.784954,0.606851,GPS_con 932
932,5.78517,0.607,GPS_con 933
933,5.785192,0.607335,GPS_con 934
934,5.785246,0.607353,GPS_con 935
935,5.785252,0.607281,GPS_con 936
936,5.785271,0.607427,GPS_con 937
937,5.785295,0.606679,GPS_con 938
938,5.785266,0.60666,GPS_con 939
939,5.785267,0.606696,GPS_con 940
940,5.785267,0.606776,GPS_con 941
941,5.785843,0.606128,GPS_con 942
942,5.786003,0.606198,GPS_con 943
943,5.786291,0.606648,GPS_con 944
944,5.786238,0.60672,GPS_con 945
945,5.786259,0.606472,GPS_con 946
946,5.786413,0.606327,GPS_con 947
947,5.786305,0.606973,GPS_con 948
948,5.786317,0.606902,GPS_con 949
949,5.784811,0.608214,GPS_con 950
950,5.784971,0.608869,GPS_con 951
951,5.785361,0.609148,GPS_con 952
952,5.785576,0.608995,GPS_con 953
953,5.785641,0.608992,GPS_con 954
954,5.786031,0.609079,GPS_con 955
955,5.785916,0.608501,GPS_con 956
956,5.785799,0.607828,GPS_con 957
957,5.785859,0.607771,GPS_con 958
958,5.78582,0.607847,GPS_con 959
959,5.786095,0.607911,GPS_con 960
960,5.786797,0.606958,GPS_con 961
961,5.787135,0.607381,GPS_con 962
962,5.787182,0.607338,GPS_con 963
963,5.787188,0.607395,GPS_con 964
964,5.785397,0.605969,GPS_con 965
965,5.787115,0.60614,GPS_con 966
966,5.787084,0.606063,GPS_con 967
967,5.787677,0.606249,GPS_con 968
968,5.788043,0.605929,GPS_con 969
969,5.788476,0.606106,GPS_con 970
970,5.788488,0.606168,GPS_con 971
971,5.78857,0.606247,GPS_con 972
972,5.788649,0.606184,GPS_con 973
973,5.788675,0.606142,GPS_con 974
974,5.788697,0.606092,GPS_con 975
975,5.788042,0.607657,GPS_con 976
976,5.78807,0.607718,GPS_con 977
977,5.788103,0.607693,GPS_con 978
978,5.788022,0.607492,GPS_con 979
979,5.788032,0.60786,GPS_con 980
980,5.787004,0.608613,GPS_con 981
981,5.786933,0.608541,GPS_con 982
982,5.787094,0.608611,GPS_con 983
983,5.787086,0.608379,GPS_con 984
984,5.787143,0.608435,GPS_con 985
985,5.786454,0.608312,GPS_con 986
986,5.786489,0.60838,GPS_con 987
987,5.786491,0.608299,GPS_con 988
988,5.785555,0.607938,GPS_con 989
989,5.785579,0.608055,GPS_con 990
990,5.785551,0.608125,GPS_con 991
991,5.785416,0.608067,GPS_con 992
992,5.785482,0.608008,GPS_con 993
993,5.785452,0.608062,GPS_con 994
994,5.786123,0.608059,GPS_con 995
995,5.78614,0.608026,GPS_con 996
996,5.7862,0.607971,GPS_con 997
997,5.786046,0.608364,GPS_con 998
998,5.786133,0.608423,GPS_con 999
999,5.785911,0.608407,GPS_con 1000
1000,5.785786,0.608669,GPS_con 1001
1001,5.786762,0.608588,GPS_con 1002
1002,5.786764,0.608646,GPS_con 1003
